schemaVersion,recordType,content.job_title,content.company,content.date,content.is_remote,content.role_family,content.location,content.job_url
1.0,JOB,Core Software Engineer (C++),Clickhouse,2026-08-27T10:58:14+00:00,True,Engineering,UK,https://jobicy.com/jobs/151837-core-software-engineer-c
1.0,JOB,Senior Full Stack Product Engineer (TypeScript),Maze,2026-08-27T10:31:55+00:00,True,Engineering,"Canada,  Ireland,  Netherlands,  Portugal,  Spain,  UK",https://jobicy.com/jobs/151824-senior-full-stack-product-engineer-typescript
1.0,JOB,Backend Engineer - Platform - Stacks | Ireland | Remote,Grafana,2026-08-27T10:28:29+00:00,True,AI Infrastructure & MLOps,"Germany,  Ireland,  Spain,  Sweden,  UK",https://jobicy.com/jobs/151822-backend-engineer-platform-stacks-ireland-remote
1.0,JOB,Full Stack Software Engineer,Betterhelp,2026-08-27T10:20:31+00:00,True,Engineering,USA,https://jobicy.com/jobs/151816-full-stack-software-engineer
1.0,JOB,Staff Applied AI Engineer,Pleo,2026-08-27T09:42:55+00:00,True,Engineering,"Denmark,  Portugal,  Spain,  UK",https://jobicy.com/jobs/151796-staff-applied-ai-engineer
1.0,JOB,Backend Engineer,Dispatch,2026-08-27T09:40:48+00:00,True,Engineering,USA,https://jobicy.com/jobs/151789-backend-engineer
1.0,JOB,Chinese Simplified Accessibility Tester,Welo Global,2026-08-27T05:45:07+00:00,True,Engineering,Anywhere,https://jobicy.com/jobs/149748-chinese-simplified-accessibility-tester
1.0,JOB,Spanish Accessibility Tester,Welo Global,2026-08-27T05:45:06+00:00,True,Engineering,Anywhere,https://jobicy.com/jobs/149742-spanish-accessibility-tester
1.0,JOB,Italian Accessibility Tester,Welo Global,2026-08-27T05:45:04+00:00,True,Engineering,Anywhere,https://jobicy.com/jobs/149741-italian-accessibility-tester
1.0,JOB,Dutch Accessibility Tester,Welo Global,2026-08-27T05:45:03+00:00,True,Engineering,Anywhere,https://jobicy.com/jobs/149740-dutch-accessibility-tester
1.0,JOB,Full Stack Developer - Java & React (f/m/d),Ecosio,2026-08-27T05:35:03+00:00,True,Engineering,"Austria,  Croatia,  Germany,  Hungary,  Italy,  Portugal,  Spain,  UK",https://jobicy.com/jobs/150845-full-stack-developer-java-react-f-m-d
1.0,JOB,Sr Systems Engineer - Federal/DOD (Remote: DC/MD/VA),Veeam Software,2026-08-27T04:20:12+00:00,True,Engineering,USA,https://jobicy.com/jobs/142566-sr-systems-engineer-federal-dod-remote-dc-md-va
1.0,JOB,"Senior Software Engineer, Product Engineering, EU",Ashby,2026-08-27T04:20:11+00:00,True,Engineering,Europe,https://jobicy.com/jobs/142468-senior-software-engineer-product-engineering-eu
1.0,JOB,"Staff Software Engineer, Product Engineering, EU",Ashby,2026-08-27T04:20:10+00:00,True,Engineering,Europe,https://jobicy.com/jobs/142467-staff-software-engineer-product-engineering-eu
1.0,JOB,"Engineering Manager, Ads ML Efficiency",Reddit,2026-08-27T04:20:07+00:00,True,Engineering,USA,https://jobicy.com/jobs/147487-engineering-manager-ads-ml-efficiency
1.0,JOB,Senior Android SDK Engineer,Revenuecat,2026-08-27T04:20:06+00:00,True,Engineering,"EMEA,  LATAM,  Canada,  USA",https://jobicy.com/jobs/144154-senior-android-sdk-engineer
1.0,JOB,Overhead Line (OHL) Design engineer,Wsp,2026-08-27T04:15:31+00:00,True,Engineering,Sweden,https://jobicy.com/jobs/143438-overhead-line-ohl-design-engineer
1.0,JOB,French Canadian Accessibility Tester,Welo Global,2026-08-27T04:10:26+00:00,True,Engineering,Anywhere,https://jobicy.com/jobs/149737-french-canadian-accessibility-tester
1.0,JOB,Portuguese Accessibility Tester,Welo Global,2026-08-27T04:10:25+00:00,True,Engineering,Anywhere,https://jobicy.com/jobs/149736-portuguese-accessibility-tester
1.0,JOB,German Accessibility Tester,Welo Global,2026-08-27T04:10:21+00:00,True,Engineering,Anywhere,https://jobicy.com/jobs/149735-german-accessibility-tester
1.0,JOB,Senior Software Engineer - (Home Energy),Enode,2026-08-27T04:10:14+00:00,True,Engineering,"Europe,  Norway",https://jobicy.com/jobs/149734-senior-software-engineer-home-energy
